3.41562,2.84697,0.jpg
3.39147,3.02345,1.jpg
3.38786,3.04564,2.jpg
3.13396,2.81075,3.jpg
3.16549,2.82347,4.jpg
3.15887,2.81573,5.jpg
3.14143,2.80895,6.jpg
3.20033,2.85283,7.jpg
3.18332,2.8501,8.jpg
3.18082,2.83826,9.jpg
3.16536,2.82895,10.jpg
3.16803,2.83399,11.jpg
3.1254,2.79822,12.jpg
3.19182,2.85763,13.jpg
3.17361,2.84502,14.jpg
3.17935,2.85329,15.jpg
3.14866,2.81015,16.jpg
3.16279,2.82145,17.jpg
3.13747,2.80387,18.jpg
3.16476,2.82909,19.jpg
3.24094,2.89595,20.jpg
3.16405,2.84007,21.jpg
3.16031,2.83176,22.jpg
3.158,2.83743,23.jpg
3.13587,2.80706,24.jpg
3.15845,2.8319,25.jpg
3.12323,2.79825,26.jpg
3.14474,2.82824,27.jpg
3.14325,2.81781,28.jpg
3.1156,2.79208,29.jpg
3.16543,2.83705,30.jpg
3.11268,2.79388,31.jpg
3.12214,2.80184,32.jpg
3.11515,2.78424,33.jpg
3.09629,2.77773,34.jpg
3.1656,2.84046,35.jpg
3.15615,2.83283,36.jpg
3.2083,2.87898,37.jpg
3.16267,2.83974,38.jpg
3.11567,2.79608,39.jpg
3.1696,2.84894,40.jpg
3.11932,2.79813,41.jpg
3.11354,2.78933,42.jpg
3.16515,2.84195,43.jpg
3.14743,2.82858,44.jpg
3.16264,2.82979,45.jpg
3.13521,2.8023,46.jpg
3.16589,2.83838,47.jpg
3.17277,2.8479,48.jpg
3.19979,2.86998,49.jpg
3.17057,2.8488,50.jpg
3.13874,2.81972,51.jpg
3.14856,2.83099,52.jpg
3.13665,2.80755,53.jpg
3.09581,2.78468,54.jpg
3.11481,2.79488,55.jpg
3.14171,2.81256,56.jpg
3.1509,2.8203,57.jpg
3.17579,2.85683,58.jpg
3.15314,2.83222,59.jpg
3.12709,2.80157,60.jpg
3.16663,2.84563,61.jpg
3.15371,2.83533,62.jpg
3.32278,3.00206,63.jpg
3.11888,2.80115,64.jpg
3.13544,2.80941,65.jpg
3.09684,2.77404,66.jpg
3.15999,2.83664,67.jpg
3.15498,2.82497,68.jpg
3.18212,2.85321,69.jpg
3.16594,2.84419,70.jpg
3.15233,2.82356,71.jpg
3.13446,2.8124,72.jpg
3.13721,2.81259,73.jpg
3.11178,2.78067,74.jpg
3.16707,2.83876,75.jpg
3.1055,2.78705,76.jpg
3.14549,2.82126,77.jpg
3.10931,2.78149,78.jpg
3.13367,2.81072,79.jpg
3.1286,2.79338,80.jpg
3.23022,2.89952,81.jpg
3.1865,2.86199,82.jpg
3.13777,2.80967,83.jpg
3.17898,2.84728,84.jpg
3.16456,2.82786,85.jpg
3.18008,2.85255,86.jpg
3.25205,2.91259,87.jpg
3.20601,2.87316,88.jpg
3.20192,2.88052,89.jpg
3.13088,2.80619,90.jpg
3.17251,2.83786,91.jpg
3.12723,2.80342,92.jpg
3.16565,2.83962,93.jpg
3.1976,2.86242,94.jpg
3.20544,2.88076,95.jpg
3.12109,2.7945,96.jpg
3.16284,2.83217,97.jpg
3.166,2.83366,98.jpg
3.16232,2.83782,99.jpg
3.1274,2.80027,100.jpg
3.1046,2.78205,101.jpg
3.10036,2.78101,102.jpg
3.1444,2.81067,103.jpg
3.14723,2.81478,104.jpg
3.14826,2.82543,105.jpg
3.13691,2.81739,106.jpg
3.11199,2.79022,107.jpg
3.16178,2.83673,108.jpg
3.21623,2.88494,109.jpg
3.14481,2.81827,110.jpg
3.16264,2.83741,111.jpg
3.16911,2.84201,112.jpg
3.20711,2.88133,113.jpg
3.18493,2.8576,114.jpg
3.12909,2.801,115.jpg
3.11839,2.80151,116.jpg
3.13594,2.81166,117.jpg
3.12419,2.79703,118.jpg
3.16811,2.8413,119.jpg
3.15033,2.81776,120.jpg
3.1105,2.77782,121.jpg
3.13164,2.80716,122.jpg
3.18929,2.86278,123.jpg
3.1422,2.81354,124.jpg
3.17056,2.85347,125.jpg
3.17826,2.85488,126.jpg
3.19449,2.87059,127.jpg
3.1722,2.85436,128.jpg
3.13429,2.81333,129.jpg
3.16465,2.83266,130.jpg
3.15579,2.83653,131.jpg
3.13364,2.80469,132.jpg
3.17468,2.84313,133.jpg
3.1556,2.83007,134.jpg
3.19631,2.86925,135.jpg
3.14352,2.81807,136.jpg
3.17371,2.84711,137.jpg
3.1728,2.8435,138.jpg
3.21643,2.89014,139.jpg
3.11573,2.78384,140.jpg
3.17743,2.85097,141.jpg
3.15887,2.82336,142.jpg
3.19577,2.86713,143.jpg
3.14504,2.82129,144.jpg
3.16405,2.83786,145.jpg
3.16827,2.83413,146.jpg
3.13682,2.80784,147.jpg
3.13414,2.79853,148.jpg
3.1463,2.8118,149.jpg
3.18472,2.84964,150.jpg
3.15312,2.82224,151.jpg
3.13733,2.79985,152.jpg
3.17604,2.84312,153.jpg
3.1846,2.85399,154.jpg
3.17574,2.83934,155.jpg
3.14371,2.80921,156.jpg
3.17883,2.8416,157.jpg
3.17366,2.83301,158.jpg
3.15217,2.81432,159.jpg
3.13202,2.80452,160.jpg
3.16613,2.82995,161.jpg
3.17424,2.82346,162.jpg
3.19012,2.86057,163.jpg
3.15477,2.81664,164.jpg
3.15058,2.81887,165.jpg
3.14653,2.79974,166.jpg
3.15698,2.83234,167.jpg
3.13088,2.79095,168.jpg
3.19155,2.85678,169.jpg
3.16473,2.82678,170.jpg
3.16646,2.83476,171.jpg
3.16055,2.82163,172.jpg
3.17332,2.83581,173.jpg
3.18265,2.84207,174.jpg
3.17442,2.83437,175.jpg
3.19077,2.84683,176.jpg
3.1617,2.82199,177.jpg
3.15339,2.82175,178.jpg
3.16193,2.8211,179.jpg
3.16089,2.82672,180.jpg
3.20214,2.86371,181.jpg
3.17471,2.84216,182.jpg
3.15312,2.81436,183.jpg
3.15408,2.81656,184.jpg
3.15866,2.82717,185.jpg
3.12293,2.79359,186.jpg
3.15444,2.82543,187.jpg
3.1652,2.82447,188.jpg
3.16139,2.82947,189.jpg
3.20877,2.87088,190.jpg
3.15611,2.82497,191.jpg
3.35,3.01454,192.jpg
3.21607,2.87742,193.jpg
3.12721,2.80946,194.jpg
3.1554,2.83917,195.jpg
3.14364,2.82312,196.jpg
3.14834,2.81778,197.jpg
3.14998,2.83318,198.jpg
3.12104,2.79565,199.jpg
3.14681,2.82068,200.jpg
3.14607,2.82673,201.jpg
3.11375,2.78347,202.jpg
3.11118,2.79644,203.jpg
3.15023,2.83052,204.jpg
3.15288,2.83867,205.jpg
3.1802,2.85774,206.jpg
3.11596,2.78673,207.jpg
3.14538,2.81448,208.jpg
3.12265,2.79652,209.jpg
3.14299,2.81467,210.jpg
3.11833,2.79777,211.jpg
3.12428,2.81331,212.jpg
3.16023,2.83513,213.jpg
3.12568,2.79811,214.jpg
3.15989,2.82817,215.jpg
3.12064,2.79398,216.jpg
3.12008,2.78891,217.jpg
3.11592,2.78708,218.jpg
3.12076,2.8004,219.jpg
3.16806,2.84179,220.jpg
3.18089,2.85547,221.jpg
3.16601,2.83264,222.jpg
3.14114,2.81065,223.jpg
3.11294,2.78822,224.jpg
3.12686,2.79248,225.jpg
3.12288,2.8007,226.jpg
3.13952,2.81662,227.jpg
3.15277,2.82388,228.jpg
3.14,2.80671,229.jpg
3.10347,2.77317,230.jpg
3.14668,2.82168,231.jpg
3.17213,2.83734,232.jpg
3.16715,2.83715,233.jpg
3.15405,2.83452,234.jpg
3.12894,2.79586,235.jpg
3.17729,2.84414,236.jpg
3.0999,2.77026,237.jpg
3.15867,2.83358,238.jpg
3.1366,2.81117,239.jpg
3.12823,2.79923,240.jpg
3.15099,2.83274,241.jpg
3.10984,2.79112,242.jpg
3.13717,2.81148,243.jpg
3.11168,2.78716,244.jpg
3.1169,2.79038,245.jpg
3.13405,2.80018,246.jpg
3.17311,2.83079,247.jpg
3.15389,2.81915,248.jpg
3.16146,2.82804,249.jpg
3.165,2.82641,250.jpg
3.1502,2.81037,251.jpg
3.23551,2.89612,252.jpg
3.1708,2.84275,253.jpg
3.18482,2.8482,254.jpg
3.30283,2.96677,255.jpg
3.16831,2.83253,256.jpg
3.14193,2.80754,257.jpg
3.14969,2.81727,258.jpg
3.13261,2.795,259.jpg
3.18025,2.8476,260.jpg
3.13825,2.7965,261.jpg
3.19459,2.87219,262.jpg
3.1893,2.85379,263.jpg
3.14494,2.81163,264.jpg
3.15818,2.8229,265.jpg
3.13102,2.79777,266.jpg
3.17151,2.83588,267.jpg
3.14451,2.80889,268.jpg
3.15651,2.81332,269.jpg
3.17441,2.83518,270.jpg
3.16939,2.84069,271.jpg
3.17171,2.8357,272.jpg
3.1634,2.82992,273.jpg
3.15779,2.82291,274.jpg
3.13684,2.79882,275.jpg
3.1563,2.81773,276.jpg
3.15069,2.81226,277.jpg
3.14209,2.80085,278.jpg
3.13359,2.79379,279.jpg
3.12165,2.79157,280.jpg
3.1739,2.83677,281.jpg
3.14236,2.80859,282.jpg
3.14301,2.80731,283.jpg
3.15533,2.82282,284.jpg
3.14871,2.81356,285.jpg
3.12953,2.79357,286.jpg
3.17857,2.85263,287.jpg
3.14381,2.80125,288.jpg
3.14202,2.80385,289.jpg
3.18949,2.83588,290.jpg
3.18222,2.84441,291.jpg
3.1485,2.81143,292.jpg
3.12883,2.78359,293.jpg
3.14378,2.81268,294.jpg
3.14162,2.81528,295.jpg
3.12854,2.79808,296.jpg
3.15407,2.82257,297.jpg
3.14635,2.8054,298.jpg
3.15012,2.81473,299.jpg
3.16809,2.83121,300.jpg
3.14593,2.81339,301.jpg
3.14132,2.81386,302.jpg
3.15604,2.81929,303.jpg
3.1551,2.82111,304.jpg
3.16337,2.82609,305.jpg
3.19677,2.85641,306.jpg
3.14383,2.80256,307.jpg
3.13831,2.80289,308.jpg
3.18115,2.84982,309.jpg
3.16262,2.82351,310.jpg
3.17083,2.83746,311.jpg
3.16652,2.83963,312.jpg
3.13172,2.79884,313.jpg
3.16378,2.82834,314.jpg
3.13241,2.7897,315.jpg
3.15203,2.80978,316.jpg
3.13252,2.7929,317.jpg
3.12576,2.79571,318.jpg
3.18325,2.84569,319.jpg
3.12746,2.79502,320.jpg
3.14489,2.81925,321.jpg
3.17072,2.84029,322.jpg
3.1575,2.81482,323.jpg
3.15378,2.81844,324.jpg
3.15624,2.8218,325.jpg
3.16741,2.83447,326.jpg
3.17018,2.82928,327.jpg
3.18613,2.84786,328.jpg
3.17657,2.8408,329.jpg
3.15641,2.81653,330.jpg
3.1374,2.80286,331.jpg
3.16264,2.82211,332.jpg
3.19653,2.86268,333.jpg
3.15046,2.81013,334.jpg
3.16347,2.83635,335.jpg
3.15229,2.82125,336.jpg
3.16654,2.8296,337.jpg
3.18189,2.84416,338.jpg
3.1408,2.80703,339.jpg
3.15028,2.81805,340.jpg
3.18013,2.84631,341.jpg
3.14899,2.81316,342.jpg
3.16457,2.8266,343.jpg
3.14971,2.83202,344.jpg
3.14746,2.81312,345.jpg
3.16094,2.83188,346.jpg
3.19143,2.865,347.jpg
3.17638,2.84494,348.jpg
3.15636,2.81843,349.jpg
3.15809,2.8225,350.jpg
3.12125,2.78441,351.jpg
3.14527,2.8092,352.jpg
3.13738,2.80045,353.jpg
3.16912,2.83097,354.jpg
3.14901,2.81592,355.jpg
3.16025,2.82704,356.jpg
3.14271,2.80538,357.jpg
3.14556,2.81175,358.jpg
3.17327,2.8256,359.jpg
3.17523,2.83736,360.jpg
3.21214,2.88407,361.jpg
3.1682,2.82809,362.jpg
3.13407,2.80023,363.jpg
3.1789,2.84376,364.jpg
3.13033,2.79238,365.jpg
3.18684,2.86046,366.jpg
3.17926,2.85153,367.jpg
3.13514,2.81263,368.jpg
3.13775,2.815,369.jpg
3.11515,2.78727,370.jpg
3.11255,2.7907,371.jpg
3.14831,2.81164,372.jpg
3.14351,2.80421,373.jpg
3.12536,2.7967,374.jpg
3.13529,2.81302,375.jpg
3.14111,2.81312,376.jpg
3.11975,2.80145,377.jpg
3.18457,2.85925,378.jpg
3.15043,2.82556,379.jpg
3.17511,2.8357,380.jpg
3.14608,2.82097,381.jpg
3.13692,2.819,382.jpg
3.13187,2.81309,383.jpg
3.13767,2.80549,384.jpg
3.1783,2.85461,385.jpg
3.14061,2.81225,386.jpg
3.14475,2.81815,387.jpg
3.18364,2.85773,388.jpg
3.13892,2.82052,389.jpg
3.16373,2.83793,390.jpg
3.11519,2.79003,391.jpg
3.1158,2.79714,392.jpg
3.12314,2.80382,393.jpg
3.13868,2.81098,394.jpg
3.13214,2.80998,395.jpg
3.15674,2.8201,396.jpg
3.1349,2.8205,397.jpg
3.13121,2.8052,398.jpg
3.14174,2.81574,399.jpg
3.12341,2.79855,400.jpg
3.12667,2.80096,401.jpg
3.16189,2.83509,402.jpg
3.12946,2.80069,403.jpg
3.15442,2.82987,404.jpg
3.17016,2.83727,405.jpg
3.1393,2.81704,406.jpg
3.13069,2.8123,407.jpg
3.11482,2.79905,408.jpg
3.17498,2.8441,409.jpg
3.16133,2.83787,410.jpg
3.13118,2.79978,411.jpg
3.211,2.8846,412.jpg
3.18416,2.86057,413.jpg
3.12862,2.78644,414.jpg
3.13913,2.8146,415.jpg
3.15417,2.83221,416.jpg
3.13627,2.81921,417.jpg
3.13656,2.80623,418.jpg
3.16101,2.84062,419.jpg
3.14458,2.82716,420.jpg
3.14103,2.81426,421.jpg
3.1668,2.84463,422.jpg
3.19523,2.87125,423.jpg
3.16514,2.84258,424.jpg
3.12899,2.8061,425.jpg
3.1505,2.82188,426.jpg
3.12944,2.80597,427.jpg
3.16874,2.84019,428.jpg
3.16005,2.83667,429.jpg
3.13355,2.80882,430.jpg
3.14047,2.80959,431.jpg
3.12691,2.80478,432.jpg
3.18325,2.85619,433.jpg
3.11505,2.80078,434.jpg
3.12304,2.80281,435.jpg
3.12552,2.80254,436.jpg
3.11803,2.79669,437.jpg
3.15033,2.82187,438.jpg
3.17033,2.84833,439.jpg
3.1911,2.86901,440.jpg
3.12267,2.79939,441.jpg
3.23996,2.90799,442.jpg
3.16319,2.83971,443.jpg
3.09913,2.7814,444.jpg
3.14525,2.80697,445.jpg
3.05856,2.7423,446.jpg
3.07935,2.7624,447.jpg
3.06561,2.74428,448.jpg
3.21364,2.89662,449.jpg
3.19742,2.87516,450.jpg
3.15041,2.83256,451.jpg
3.19103,2.87291,452.jpg
3.14169,2.82093,453.jpg
3.10614,2.79136,454.jpg
3.15218,2.82618,455.jpg
3.14921,2.82228,456.jpg
3.1392,2.81667,457.jpg
3.1487,2.81514,458.jpg
3.12613,2.80774,459.jpg
3.17792,2.85447,460.jpg
3.1015,2.78476,461.jpg
3.1244,2.79794,462.jpg
3.18665,2.85987,463.jpg
3.1337,2.80676,464.jpg
3.11797,2.79416,465.jpg
3.10428,2.78068,466.jpg
3.1274,2.79944,467.jpg
3.12901,2.80303,468.jpg
3.12534,2.80095,469.jpg
3.12512,2.79425,470.jpg
3.12686,2.79411,471.jpg
3.15171,2.823,472.jpg
3.20926,2.87637,473.jpg
3.20097,2.87052,474.jpg
3.15984,2.83133,475.jpg
3.11729,2.79673,476.jpg
3.17211,2.84332,477.jpg
3.20156,2.86302,478.jpg
3.14377,2.80489,479.jpg
3.19364,2.85885,480.jpg
3.19349,2.85698,481.jpg
3.15404,2.814,482.jpg
3.14559,2.81861,483.jpg
3.16235,2.82505,484.jpg
3.158,2.82368,485.jpg
3.14977,2.81495,486.jpg
3.15491,2.81988,487.jpg
3.16171,2.82592,488.jpg
3.19846,2.86475,489.jpg
3.17544,2.83883,490.jpg
3.16089,2.81901,491.jpg
3.178,2.8425,492.jpg
3.1363,2.80163,493.jpg
3.16039,2.82281,494.jpg
3.15778,2.82057,495.jpg
3.15373,2.81689,496.jpg
3.18069,2.84246,497.jpg
3.15386,2.83379,498.jpg
3.19653,2.85539,499.jpg
1578.117139339447
